欽定訳, 
アボカド, カルニチン
こーつわせ, β-クリプトキサンチン
牧草食, ヒトちんこ体　乳（Pリン酸）📈
V・S・O・P,
アボカドチップス　オリーブオイル,
さといも,
とうがらし, β-クリプトキサンチン
硫黄温泉, 硫黄呼吸
アルカリン温泉水, 生気📈
フルーツ木茎　土おおう,
川と太糸　土しつじゅん,
守田大根, 熱根
オレガノ, rosemaric acid
セミノール, β-クリプトキサンチン
シナモン, caffeic-acid
長芋, 熱根・地下水根
フルーツキハダ,
カナリーヤシ, 温暖・オレンジ実
Zone 9 バナナ,
まくわうり, Kカリウム
TOKANA,
クチナシの実, オレンジ実
キウイフルーツ, Kカリウム
柿,
フルーツトゲ茎　土おおう,
ゴボウ種, 熱根・地下水根
クコ, β-クリプトキサンチン
土穴, 水📈
茶葉はっこう丸,
オリーブ木, 実油
アロイナ木,
赤実りんご,
ゴジベリー,
黒土とごま茎, 黒土域Pリン酸📈