Text, Day________(aimai)
とろり乳　とろ火 | 温火乳ふた葉, E i 12529 (aimai)
Akahikar “fooddb”, E i 12529 (aimai)
"Goishicha", E i 12529 (aimai)
 Potato + oil-orive hikata. Oregano … rosemary. Satoimo + oil-orive hikata. Oregano … rosemary. , E i 12529 (aimai)
とうもろこし-ひげ　茶 | 発酵葉品 タマリンドな黒さと発酵葉品, E i 12528 (aimai)
Furu! Satoimo Sutāchi orību hikata. Mi-sōsu su mo (umai! ga osml). , E i 12528 (aimai)
TNT 女性　マインクラフト　動画 | アボカド　女性　動画 | カナリーヤシ　女性　動画, Day12527(aimai)
VTuber・送データな女性　な動画　見る|🇦🇷な論文　得る|Newish(TCP/IP域)語　Neweeshe語　遊ぶ, Day12527(aimai)
女性　振動📈　卵細胞📈　卵出液📈　湿潤。又力📈なら振動📈。フルーツ得るなら女性な又力川フルーツ路。|ちんこ性　温泉地　又力　温泉地　な生体。精液n% 果糖。|温泉地ってフルーツ域。|ちんこ性　遠路　温泉地又力温泉地　なら乳品域へ　な性。牧草種　再土中　な又力・乳品　得る。温泉地　ヒトいっぱい　なら　牧草食　牧草再芽📈　牧草呼吸📈　温暖化。, Day12527(aimai)
💭🌏(“国際教養大学“域者　企業-企業　α価📈　16年。大学域　地価📉期なら土地感と女性能な域　多言語(スペイン語 漢字(甲骨文字) ロシア語 ...)域化　“ロシア“語ヒト・“北海道”キリスト教徒も南下　か。)(“北海道” 生乳生気品キリスト教徒　多ヒト化　か。), Day12526(aimai)
💭🌏(ロシア村　ビート域化　か。), Day12526(aimai)
💭“企業”って残渣品売る　な副業, Day12526(aimai)
珪素爆丸　ユーラシア域山📉　山冷風📉。マインクラフト　TNTな動画, Day12526(aimai)
[WiFi]晩成みかんとβ-cryptoxanthin。晩成みかん　需要📈期。, Day12525(aimai)
晩成柿　需要📈期。Zone 9, Day12525(aimai)
里芋根中+オリーブオイル　電子レンジ　チン！（根芽　土中へ), Day12525(aimai)
里芋　プリン体　少, Day12525(aimai)
山森バコン！（爆弾）きのこ生気📈。, Day12525(aimai)
✅地球服(Uniqlo）　“靴下” 厚”靴下”　緑色・温色”靴下”, Day12525(aimai)
泥団子+灰　＝　コロコロ泥団子, Day12525(aimai)
牛乳再配　牛乳と　なヒト生気^📈。, Day12525(aimai)
◯:___草か枯れ。そのまま土上あれ。, Day12525(aimai)
✖️:フィブリル　髪　クロッシング | 2棒　振動波, Day12525(aimai)
4幸福 / 16 hours | 4幸福 / 睡眠期 8 hours , Day12525(aimai)
「幸福なったら路横へ。」 新しい幸福化者　通るなる。, Day12525(aimai)
「（路真ん中）」 幸福化中。地球生気📈化中。, Day12525(aimai
📄ユニクロ　山口域・栃木域・群馬域・茨城域・千葉域・山梨域　羊域（羊生気📈）化, Day12525(aimai)
チューブ糸　三つ編み　（浮服）, Day12525(aimai)
（45システム）4円なら1大円なる。, Day12524(aimai)
球生体、大雲　大丸雲化　な能力ある　か。, Day12524(aimai)
きのこ域＝楽園なった期栄養もういっぱい　な動生体の食域。, Day12524(aimai)
💭iOS カメラ音0設定 💭📧, Day12524(aimai)
[Tsuchiooegreen] Lycium chinense Mill(kuko), Day12521(aimai)
AFGKLMOPLS abokado fruits garden|gobou karium(potassium) leaf milk orive(oil) palmtree(oil) rosemary strawberry, Day12519(aimai)
