Text, Day________(aimai)
里芋根中+オリーブオイル　電子レンジ　チン！（根芽　土中へ), Day12525(aimai)
里芋　プリン体　少, Day12525(aimai)
山森バコン！（爆弾）きのこ生気📈。, Day12525(aimai)
✅地球服(Uniqlo）　“靴下” 厚”靴下”　緑色・温色”靴下”, Day12525(aimai)
泥団子+灰　＝　コロコロ泥団子, Day12525(aimai)
牛乳再配　牛乳と　なヒト生気📈。, Day12525(aimai)
◯___草か枯れ。そのまま土上あれ。, Day12525(aimai)
✖️フィブリル　髪　クロッシング | 2棒　振動波, Day12525(aimai)
4幸福 / 16 hours | 4幸福 / 睡眠期 8 hours , Day12525(aimai)
「幸福なったら路横へ。」 新しい幸福化者　通るなる。, Day12525(aimai)
「（路真ん中）」 幸福化中。地球生気📈化中。, Day12525(aimai
📄ユニクロ　山口域・栃木域・群馬域・茨城域・千葉域・山梨域　羊域（羊生気📈）化, Day12525(aimai)
チューブ糸　三つ編み　（浮服）, Day12525(aimai)
（45システム）4円なら1大円なる。, Day12524(aimai)
球生体、大雲　大丸雲化　な能力ある　か。, Day12524(aimai)
きのこ域＝楽園なった期栄養もういっぱい　な動生体の食域。, Day12524(aimai)
📄 iOS カメラ音0設定 #📧iOS, Day12524(aimai)
[Tsuchiooegreen] Lycium chinense Mill(kuko), Day12521(aimai)
AFGKLMOPLS abokado fruits garden|gobou karium(potassium) leaf milk orive(oil) palmtree(oil) rosemary strawberry, Day12519(aimai)
